,Documents,Cited By,Preprints,Coauthor,Topics,Awarded Grants,max_cite,pub_div,recent_3,academic_age,h_index,Category_Computer Science,Category_Economics and Business,Country_Australia,Country_Canada,Country_ChinaMainland,Country_Cyprus,Country_Denmark,Country_Finland,Country_France,Country_Germany,Country_HongKong,Country_Italy,Country_Japan,Country_Luxembourg,Country_Netherlands,Country_Portugal,Country_Qatar,Country_SaudiArabia,Country_Singapore,Country_SouthKorea,Country_Spain,Country_Sweden,Country_Switzerland,Country_Taiwan,Country_UnitedArabEmirates,Country_UnitedKingdom,Country_UnitedStates
0,-0.13791265045213622,1.833649387043102,1.1754679670996282,-0.4983794554234032,-0.3370863579959586,0.4604744752465371,1.2191713966747284,0.12691585988392476,-0.45353003586955426,0.41285976375130556,95,0,1,0,0,0,0,0,0,0,0,0,0,0,0,0,0,0,0,0,0,0,0,0,0,0,0,1
1,-0.5330130531451199,-0.4519981525414353,0.909341611022448,-0.5834014321411385,-1.103849979452031,-0.32465106887885353,-0.3902355416814032,-0.6478477756802165,-0.591368736178716,-0.3423048978401123,52,0,1,0,0,0,0,0,0,0,0,0,0,0,0,0,0,0,0,0,0,0,0,0,0,0,0,1
2,-0.32311596421447236,0.04147424174528742,-0.5422566948530807,-0.21270561365181262,-0.11801103757993793,0.0679117031838418,-0.09192735816719075,-0.31363601131921437,-0.3294752055913086,0.41285976375130556,62,0,1,0,0,0,0,0,0,0,0,0,0,0,0,0,0,0,0,0,0,0,0,0,0,0,0,1
3,-0.628701431922327,-0.7002630745741607,-0.5422566948530807,-0.6072075856221044,-0.5196491250093092,-0.32465106887885353,-0.4288098757565168,-0.6782306633493985,-0.508665515993219,-0.018662900015218923,39,0,1,0,0,0,0,0,0,0,0,1,0,0,0,0,0,0,0,0,0,0,0,0,0,0,0,0
4,-0.8416852427490135,-0.6973075397880569,-0.034197287796645714,-0.7704497809201561,-0.6656993386199895,-0.32465106887885353,-0.0092068417616692,-1.1035910907179467,-0.6878558263951293,-1.0974695594315302,27,0,1,0,0,0,0,0,0,0,0,0,0,0,0,0,0,0,0,0,0,0,0,0,0,0,0,1
5,-0.7861242486203127,0.2398008173921198,-0.5180633897551553,-0.8622735157753102,-0.9943123192440206,-0.32465106887885353,1.094019112786582,-0.8453365455298996,-0.6878558263951293,1.1680244253427234,32,0,1,0,0,0,0,0,0,0,0,0,0,0,0,0,0,0,0,0,0,0,0,0,0,0,0,1
6,-0.44041139626395187,-0.39533341664234034,-0.5180633897551553,-0.7636480227827372,-0.9577997658413505,-0.32465106887885353,-0.273226728320225,-0.7845707701915355,-0.591368736178716,1.1680244253427234,68,0,1,0,0,0,0,0,0,0,0,0,0,0,0,0,0,0,0,1,0,0,0,0,0,0,0,0
7,-0.7305632544916119,-0.7551952555986431,-0.5422566948530807,-0.40655572056824907,-0.7752369988279999,-0.32465106887885353,-0.3636621115407693,-0.8149536578607175,-0.6051526062096322,-0.5580662297233745,33,0,1,0,0,0,0,0,0,0,0,0,0,0,0,0,0,0,0,0,0,0,0,1,0,0,0,0
8,0.24175414276065285,-0.48114584043197695,-0.4696767795593043,-0.2433135252701973,1.5980789723455573,-0.32465106887885353,-0.5599626116119033,0.719382169432974,0.483773126232746,0.5207404296929367,49,0,1,0,0,0,0,0,0,0,0,0,0,0,0,0,0,0,1,0,0,0,0,0,0,0,0,0
9,-0.27064169198181043,0.4449556975447784,-0.4696767795593043,0.2940253675858897,0.24711449644676317,1.2456000193719279,-0.2500821278751568,0.32440462973360784,-0.4810977759313866,0.19709843186804332,68,0,1,0,0,0,0,0,0,0,0,0,0,0,0,0,0,0,0,0,0,0,0,0,0,0,0,1
10,-0.7367366982836897,-0.20954238508829334,0.13515584788883264,-0.7432427483704809,-0.81174955223067,0.4604744752465371,0.046511640791272776,-0.9668680962066276,-0.6327203462714646,-0.12654356595685004,42,0,1,0,0,0,0,0,0,0,0,0,0,0,0,0,0,0,0,0,0,0,0,0,0,0,0,1
11,-0.8540321303331693,-0.8889077259216873,-0.5422566948530807,-0.8792779111188573,-1.0308248726466906,0.0679117031838418,-0.2903708767980533,-0.9820595400412185,-0.7016396964260455,-0.8817082275482679,18,0,1,0,0,0,0,0,0,0,0,0,0,0,0,0,0,0,0,0,0,0,0,0,0,0,0,1
12,-0.8015578581005074,-0.8338736299045807,-0.5422566948530807,-0.7908550553324126,-0.7387244454253298,-0.32465106887885353,-0.3585188669974208,-0.8301451016953085,-0.6051526062096322,-1.0974695594315302,22,0,1,0,0,0,0,0,0,0,0,0,0,0,0,0,0,0,0,0,0,1,0,0,0,0,0,0
13,-0.38176368023921214,-0.02242645863013083,-0.5180633897551553,-0.545991762385335,-0.5561616784119793,-0.32465106887885353,0.13566121287597993,-0.5718905565072614,-0.591368736178716,0.19709843186804332,55,0,1,0,0,0,0,0,0,0,0,0,0,0,0,0,0,0,0,0,0,0,0,0,0,0,1,0
14,-0.6966093136351835,-0.10854462739764027,1.2722411874913302,-0.620811101896942,-0.5196491250093092,2.423288335560014,0.2320970480637641,-0.7389964386877625,-0.508665515993219,-0.12654356595685004,40,0,1,0,0,0,0,0,0,0,0,0,0,0,0,0,0,0,0,0,0,0,0,0,0,0,0,1
15,-0.7984711362044684,-0.6015074467212417,0.1593491529867581,-0.7976568134698314,-0.7387244454253298,-0.32465106887885353,-0.12450124027506451,-0.9212937647028545,-0.6189364762405484,-0.23442423189848116,28,0,1,0,0,0,0,0,0,0,0,0,0,0,0,0,0,0,0,0,0,0,0,0,0,0,0,1
16,-0.5824006034817429,-0.4630049717448566,-0.5422566948530807,-0.6174102228282325,-0.6291867852173195,-0.32465106887885353,-0.4288098757565168,-0.6174648880110345,-0.5224493860241352,0.41285976375130556,50,0,1,0,0,0,0,0,0,0,0,0,0,0,0,0,0,0,0,0,0,0,0,0,0,0,0,1
17,-0.671915538466872,-0.4606609269144984,0.18354245808468359,-0.31473198571309496,-0.3005738045932885,0.4604744752465371,-0.08121226536854806,-0.6174648880110345,-0.3708268156840572,-0.7738275616066368,37,0,1,0,0,0,0,0,0,0,0,0,0,0,0,0,0,0,0,0,0,0,0,0,0,0,0,1
18,-0.5854873253777818,-0.02925476313595702,0.03838262749713072,-0.661621650721455,-0.6656993386199895,2.030725563497319,-0.19350643789832342,-0.7389964386877625,-0.5224493860241352,1.599547089109248,51,0,1,0,0,0,0,0,0,0,0,0,0,0,0,0,0,0,0,0,0,1,0,0,0,0,0,0
19,-0.5947474910658986,-0.5539131451657069,-0.20355042348212407,-0.6310137391030702,-0.7752369988279999,-0.32465106887885353,-0.09364177301497358,-0.8149536578607175,-0.5224493860241352,-0.3423048978401123,44,0,1,0,0,0,0,0,0,0,0,0,0,0,0,0,0,0,0,0,0,0,0,0,0,0,0,1
20,-0.7645171953480401,-0.5171218328283448,-0.17935711838419857,-0.8010576925385409,-0.6656993386199895,2.8158511076227093,-0.43009568689235395,-0.9364852085374455,-0.6465042163023808,-0.8817082275482679,36,0,1,0,0,0,0,0,0,0,0,0,0,0,0,0,0,0,0,0,0,0,0,0,0,0,0,1
21,-0.6503084851945995,-0.5201792826070729,-0.5422566948530807,-0.6174102228282325,-0.7022118920226597,-0.32465106887885353,-0.4562405133210421,-0.9061023208682636,-0.4810977759313866,0.5207404296929367,42,0,1,0,0,0,0,0,0,0,0,0,0,0,0,0,0,0,0,0,0,0,0,0,0,0,0,1
22,-0.5206661655609642,-0.6161832056591368,-0.5422566948530807,-0.5902031902785573,-0.8847746590360103,-0.32465106887885353,-0.5368180111668351,-0.5718905565072614,-0.5362332560550513,1.3837857572259857,60,0,1,0,0,0,0,0,0,0,0,0,0,0,0,0,0,0,0,0,0,0,0,0,0,0,0,1
23,-0.6904358698431057,-0.803197217124675,-0.5422566948530807,-0.8248638460195067,-1.0308248726466906,-0.32465106887885353,-0.5368180111668351,-0.8301451016953085,-0.7016396964260455,1.9231890869341413,44,0,1,0,1,0,0,0,0,0,0,0,0,0,0,0,0,0,0,0,0,0,0,0,0,0,0,0
24,-0.7953844143084294,-0.27038563568498347,-0.5422566948530807,-0.794255934401122,-0.8482621056333401,-0.32465106887885353,0.802139984951555,-0.9516766523720366,-0.6465042163023808,-0.23442423189848116,30,0,1,0,0,0,0,0,0,0,0,0,0,0,0,0,0,0,0,0,0,0,0,0,0,0,0,1
25,-0.8293383551648578,-0.8477340689014816,-0.1551638132862731,-0.8418682413630537,-0.7752369988279999,0.0679117031838418,-0.4395249685551595,-1.0883996468833557,-0.6465042163023808,-0.4501855637817434,22,0,1,0,0,0,0,0,0,0,0,0,0,0,0,0,0,0,0,0,0,0,0,0,0,0,0,1
26,-0.7830375267242737,-0.8382559745874244,-0.42129016936345337,-0.7772515390575749,-0.81174955223067,-0.32465106887885353,-0.19093481562664918,-0.7845707701915355,-0.6465042163023808,-0.5580662297233745,27,0,1,0,0,0,0,0,0,0,0,0,0,0,0,1,0,0,0,0,0,0,0,0,0,0,0,0
27,-0.6595686508827163,0.32153664147678557,-0.4938700846572298,-0.3453398973314797,-0.6291867852173195,-0.32465106887885353,1.0618738343906537,-0.7086135510185805,-0.6878558263951293,-0.018662900015218923,52,0,1,0,0,0,0,0,0,0,0,0,0,0,0,0,0,0,0,0,0,0,0,0,0,0,0,1
28,-0.6811757041549888,1.7016694715946705,-0.5180633897551553,-0.7568462646453185,-0.7022118920226597,0.0679117031838418,2.7197129921966505,-0.7693793263569445,-0.5638009961168837,1.2759050912843546,46,0,1,0,0,0,0,0,0,0,0,0,0,0,0,0,0,0,0,0,0,0,0,0,0,0,0,1
29,-0.671915538466872,-0.3496754999466667,0.25612237337846,-0.5868023112098479,-0.7387244454253298,-0.32465106887885353,-0.19093481562664918,-0.6630392195148075,-0.591368736178716,-0.23442423189848116,43,0,1,0,0,0,0,0,0,0,1,0,0,0,0,0,0,0,0,0,0,0,0,0,0,0,0,0
30,-0.6595686508827163,1.9102894614965544,-0.22774372858004954,-0.9166875808746608,-0.9577997658413505,-0.32465106887885353,3.7385040154915976,-0.9972509838758096,-0.6602880863332969,3.109876412292084,57,0,1,0,0,0,0,0,0,0,0,0,0,0,0,0,0,0,0,0,0,0,0,0,0,0,0,1
31,-0.23668775112538215,1.6806749831140706,0.23192906828053456,1.6169673253138508,-0.5196491250093092,0.0679117031838418,1.5131935430694838,-0.1161472414695313,-0.46731390590047045,0.8443824275178301,87,0,1,0,0,0,0,0,0,0,0,0,0,0,0,0,0,0,0,0,0,0,0,1,0,0,0,0
32,-0.23051430733330427,-0.18294257201335848,-0.22774372858004954,-0.5187847298356597,-0.0084733773719276,-0.32465106887885353,-0.5479617076774235,0.32440462973360784,-0.39839455574588956,0.41285976375130556,58,0,1,0,0,0,0,0,0,0,0,0,1,0,0,0,0,0,0,0,0,0,0,0,0,0,0,0
33,-0.7799508048282348,1.6052578885721096,-0.42129016936345337,-0.8928814273936949,-1.0308248726466906,-0.32465106887885353,3.7385040154915976,-1.1339739783871285,-0.6878558263951293,1.81530842099251,42,0,1,0,0,0,0,0,0,0,0,0,0,0,0,0,0,0,0,0,0,0,0,0,0,0,0,1
34,-0.7583437515559622,-0.5985519119351378,-0.20355042348212407,-0.8044585716072502,-0.81174955223067,0.4604744752465371,-0.43009568689235395,-0.9061023208682636,-0.6878558263951293,-0.23442423189848116,38,0,1,0,0,0,0,0,0,0,0,0,0,0,0,0,0,0,0,0,0,0,0,0,0,0,0,1
35,-0.6811757041549888,-0.2200396293285933,-0.22774372858004954,-0.5323882461104973,-0.81174955223067,-0.32465106887885353,0.4704007119055775,-0.7086135510185805,-0.591368736178716,0.0892177659264122,40,0,1,0,0,0,0,0,0,0,0,0,0,0,0,0,0,0,0,0,0,0,0,0,0,0,1,0
36,-0.6780889822589499,-0.5596203847526661,-0.5422566948530807,-0.6004058274846855,-0.5196491250093092,-0.32465106887885353,-0.16607580033379815,-0.8909108770336726,-0.6189364762405484,1.599547089109248,33,0,1,0,0,0,0,0,0,0,0,0,0,0,0,0,0,0,0,0,0,0,0,0,0,0,0,1
37,-0.8200781894767409,-0.9919437834648258,-0.22774372858004954,-0.9064849436685326,-0.81174955223067,-0.32465106887885353,-0.7232606258632178,-1.0883996468833557,-0.6465042163023808,-0.8817082275482679,26,0,1,0,0,0,0,0,0,0,0,0,1,0,0,0,0,0,0,0,0,0,0,0,0,0,0,0
38,-0.3447230174867449,-0.5545246351214524,-0.5422566948530807,0.5116816279832921,-0.15452359098260804,-0.32465106887885353,-0.5711063081224917,-0.5718905565072614,-0.43974616583863807,1.0601437594010923,54,0,1,0,0,0,0,0,0,0,0,0,0,0,0,0,0,0,0,0,0,0,0,0,0,0,0,1
39,-0.37867695834317316,1.1063839996763005,0.5464420345535658,0.008351525814299142,-0.5196491250093092,0.0679117031838418,-0.21579383091950022,-0.024998578461985277,-0.46731390590047045,0.30497909780967447,78,0,1,0,0,0,0,0,0,0,0,0,0,0,0,0,0,0,0,0,0,0,0,0,0,0,0,1
40,-0.6101811005460933,-0.10467185767791795,-0.22774372858004954,-0.5493926414540443,-0.7387244454253298,0.8530372473092325,0.12323170522955441,-0.6326563318456254,-0.5224493860241352,0.0892177659264122,46,0,1,0,0,0,0,0,0,0,0,0,0,0,0,0,0,0,0,0,0,0,0,0,0,0,0,1
41,-0.6317881538183658,-0.45322113245292656,-0.5422566948530807,0.6817255814187626,-0.5926742318146494,-0.32465106887885353,-0.4845283583094588,-0.5870820003418524,-0.4948816459623028,-1.0974695594315302,54,0,1,0,0,0,0,0,0,0,0,0,0,0,0,0,0,0,0,0,0,1,0,0,0,0,0,0
42,-0.5484466626253146,-0.35844018931235405,-0.5180633897551553,-0.5595952786601726,-0.7022118920226597,-0.32465106887885353,0.02165262549842174,-0.46555044966512443,-0.4948816459623028,2.2468310847590347,53,0,1,0,0,0,0,0,0,0,0,0,0,0,0,0,0,0,0,0,0,0,0,0,0,0,0,1
43,-0.7027827574272614,-0.368937433552654,-0.5422566948530807,-0.6514190135153267,-0.8482621056333401,-0.32465106887885353,-0.43738194999543095,-0.7693793263569445,-0.6878558263951293,-0.7738275616066368,50,0,1,0,0,0,0,0,0,0,0,0,0,0,0,0,0,0,0,0,0,0,0,0,0,0,0,1
44,-0.6163545443381712,-1.0145689118274142,-0.5422566948530807,-0.3555425345376079,-0.9577997658413505,-0.32465106887885353,-0.6521124096802304,-0.6630392195148075,-0.7154235664569617,1.7074277550508792,32,0,1,0,0,0,0,0,0,0,0,0,0,0,0,0,0,0,0,0,0,0,0,0,0,0,0,1
45,-0.6780889822589499,-0.023445608556373544,-0.5422566948530807,-0.7432427483704809,-0.81174955223067,-0.32465106887885353,0.4433986780529979,-0.8301451016953085,-0.6327203462714646,2.570473082583928,43,0,1,0,0,0,0,0,1,0,0,0,0,0,0,0,0,0,0,0,0,0,0,0,0,0,0,0
46,-0.5268396093530421,0.7704721839867017,-0.5422566948530807,-0.39635308336212083,-1.103849979452031,-0.32465106887885353,2.610847649362441,-0.4351675619959424,-0.357042945653141,2.3547117507006656,43,0,1,0,0,0,0,0,0,0,0,0,0,0,0,0,0,0,0,0,0,0,0,0,0,0,0,1
47,-0.20273381026895387,1.2535492490257487,0.5706353396514913,-0.4439653903240526,-0.3370863579959586,3.6009766517481,0.1395186462834913,0.14210730371851577,-0.5500171260859675,2.462592416642297,89,0,1,0,0,0,0,0,0,0,0,0,0,0,0,0,0,0,0,0,0,0,0,0,0,0,0,1
48,-0.770690639140118,-0.3890146870996355,-0.5180633897551553,-0.8248638460195067,-0.7022118920226597,-0.32465106887885353,0.07179925979606952,-1.0580167592141736,-0.6878558263951293,1.0601437594010923,34,0,1,0,0,0,0,0,0,0,0,0,0,0,0,0,0,0,0,0,0,0,0,0,0,0,0,1
49,-0.6379615976104438,0.471453595627089,-0.5422566948530807,-0.5527935205227538,-0.3370863579959586,-0.32465106887885353,2.303967391609314,-0.3895932304921694,-0.38461068571497337,-1.2053502253731614,37,0,1,0,0,0,0,0,0,0,0,0,0,0,0,1,0,0,0,0,0,0,0,0,0,0,0,0
50,-0.22742758543726535,1.3469033822695813,-0.5422566948530807,-0.21270561365181262,-0.3370863579959586,-0.32465106887885353,-0.09707060271053923,0.08134152838015175,-0.39839455574588956,2.3547117507006656,88,0,1,0,0,0,0,0,0,0,0,0,0,0,0,0,0,0,0,0,0,0,0,0,0,0,0,1
51,-0.8632922960212861,-0.9893959086492191,-0.5422566948530807,-0.8044585716072502,-0.9577997658413505,-0.32465106887885353,-0.5265315220801381,-1.1187825345525375,-0.7154235664569617,-1.4211115572564235,16,0,1,0,0,0,0,0,0,0,0,0,0,0,0,0,0,0,0,0,0,0,0,0,0,0,0,1
52,-0.8478586865410914,-0.892882410634034,-0.34871025406967693,-0.8418682413630537,-0.8482621056333401,-0.32465106887885353,-0.19093481562664918,-0.9972509838758096,-0.7154235664569617,-0.7738275616066368,19,0,1,0,0,0,0,0,0,0,0,0,0,0,0,0,0,0,0,0,0,0,0,0,0,0,0,1
53,-0.6348748757144048,0.5249589667548316,0.44966881416186383,-0.4371636321866338,-0.7752369988279999,0.8530372473092325,0.3748220841416847,-0.7693793263569445,-0.5638009961168837,0.30497909780967447,56,0,1,0,0,0,0,0,0,0,0,0,0,0,0,0,0,0,0,0,0,0,0,0,0,0,0,1
54,-0.5638802721055093,0.3837047869775912,-0.5422566948530807,-0.5663970367975915,-0.7022118920226597,-0.32465106887885353,-0.020779141984203303,-0.5718905565072614,-0.6189364762405484,1.599547089109248,59,0,1,0,0,0,0,0,0,0,0,0,0,0,0,0,0,0,0,0,0,0,0,0,0,0,0,1
55,-0.5206661655609642,-0.2901571442540921,0.2803156784763855,-0.5663970367975915,-0.6656993386199895,2.423288335560014,0.025938662617878815,-0.6782306633493985,-0.6327203462714646,1.1680244253427234,55,0,1,0,0,0,0,0,0,0,0,0,0,0,0,0,0,0,0,0,0,0,0,0,0,0,0,1
56,-0.6410483195064827,-0.5815321081668844,1.00611483141415,-0.7806524181262844,-0.9577997658413505,-0.32465106887885353,-0.10521407323750767,-0.7389964386877625,-0.6051526062096322,-0.12654356595685004,53,0,1,0,0,0,0,0,0,0,0,0,0,0,0,0,0,0,0,0,0,0,0,0,0,0,0,1
57,-0.866379017917325,-1.0336270154481528,-0.1551638132862731,-0.9064849436685326,-0.9212872124386804,0.0679117031838418,-0.5072443550425813,-1.1643568660563106,-0.6740719563642131,-0.9895888934898991,17,0,1,0,0,0,0,0,0,0,0,0,0,0,0,0,0,0,0,0,0,0,0,0,0,0,0,1
58,-0.8139047456846631,-0.5006116040232128,-0.5422566948530807,-0.8282647250882161,-0.8847746590360103,-0.32465106887885353,-0.08892713218357079,-1.0428253153795826,-0.6327203462714646,0.19709843186804332,29,0,1,0,0,0,0,0,0,0,0,0,0,0,0,0,0,0,0,0,0,0,0,0,0,0,0,1
59,-0.27990185766992726,-0.15868680376878186,-0.5422566948530807,-0.28412407409471024,-0.08149848417726782,-0.32465106887885353,-0.5188166552651154,-0.6326563318456254,-0.357042945653141,0.9522630934594613,64,0,1,0,0,0,0,0,0,0,0,0,0,0,0,0,0,0,0,0,0,0,0,0,0,0,0,1
60,-0.8293383551648578,1.503648640925711,-0.5180633897551553,-0.909885822737242,-1.103849979452031,-0.32465106887885353,2.982018463907423,-1.0428253153795826,-0.7154235664569617,0.0892177659264122,32,0,1,0,0,0,0,0,0,0,0,0,0,0,0,0,0,0,0,0,0,0,0,0,0,0,0,1
61,-0.671915538466872,-0.3181837672257668,0.4012822039660129,-0.7670489018514467,-0.7387244454253298,-0.32465106887885353,-0.27408393574411644,-0.7845707701915355,-0.591368736178716,-0.4501855637817434,46,0,1,0,0,0,0,0,0,0,0,0,0,0,0,0,0,0,0,0,0,0,0,0,0,0,1,0
62,-0.8756391836054418,-0.8766779268067748,-0.42129016936345337,-0.9064849436685326,-0.9943123192440206,-0.32465106887885353,-0.12750146625868447,-1.1491654222217196,-0.6602880863332969,-0.23442423189848116,15,0,1,0,0,0,0,0,0,0,0,0,0,0,0,0,0,0,0,0,0,0,0,0,0,0,0,1
63,-0.07617821253135751,-0.18314640199860702,-0.5422566948530807,0.40965525592200974,-0.15452359098260804,-0.32465106887885353,-0.5372466148787808,0.29402174206442583,0.08404089533617676,0.0892177659264122,76,0,1,1,0,0,0,0,0,0,0,0,0,0,0,0,0,0,0,0,0,0,0,0,0,0,0,0
64,-0.8015578581005074,-0.669586661794255,-0.5422566948530807,-0.8180620878820879,-0.9577997658413505,-0.32465106887885353,-0.18964900449081204,-0.8453365455298996,-0.6740719563642131,-0.12654356595685004,27,0,1,0,0,0,0,0,0,0,0,0,0,0,0,0,0,0,0,0,0,0,0,0,0,0,1,0
65,-0.43732467436791295,0.06287639019638444,-0.5422566948530807,-0.695630441408549,-0.6291867852173195,-0.32465106887885353,-0.10735709179723621,-0.5566991126726705,-0.6051526062096322,0.19709843186804332,69,0,1,0,0,0,0,0,0,0,0,0,0,0,0,0,0,0,0,0,0,0,0,0,0,0,0,1
66,-0.5237528874570031,0.3790166973168747,-0.5422566948530807,-0.6106084646908138,-0.81174955223067,-0.32465106887885353,2.450978464806692,-0.3744017866575784,-0.6740719563642131,2.2468310847590347,51,0,1,0,0,0,0,0,0,0,0,0,0,0,0,0,0,0,0,0,0,0,0,0,0,0,0,1
67,-0.8200781894767409,-0.7193211781948995,0.2803156784763855,-0.8622735157753102,-0.8482621056333401,-0.32465106887885353,-0.2153652272075545,-1.0428253153795826,-0.591368736178716,-0.7738275616066368,24,0,1,0,0,0,0,0,0,0,0,0,0,0,0,0,0,0,0,0,0,0,0,0,0,0,0,1
68,-0.5391864969371978,0.32439026127026516,-0.5422566948530807,-0.5085820926295315,-0.6656993386199895,-0.32465106887885353,0.48540184182367724,-0.6326563318456254,-0.6051526062096322,1.0601437594010923,61,0,1,0,0,0,0,0,0,0,0,0,0,0,0,0,0,0,0,0,0,0,0,0,0,0,0,1
69,-0.5978342129619376,-0.5631874094945155,-0.5422566948530807,-0.6446172553779079,-0.6291867852173195,-0.32465106887885353,-0.39109274910529457,-0.6782306633493985,-0.5224493860241352,0.19709843186804332,49,0,1,0,1,0,0,0,0,0,0,0,0,0,0,0,0,0,0,0,0,0,0,0,0,0,0,0
70,-0.8200781894767409,-0.8396827844841642,-0.08258389799249667,-0.8996831855311138,-0.9212872124386804,0.0679117031838418,-0.41295153841452564,-0.9972509838758096,-0.6602880863332969,-0.8817082275482679,24,0,1,0,0,0,0,0,0,0,0,0,0,0,0,0,0,0,0,0,0,0,0,0,0,0,0,1
71,-0.6533952070906385,-0.23451155828123987,-0.08258389799249667,0.03555855836397444,-0.5196491250093092,4.386102195873491,-0.37909184517081473,-0.49593333733430645,-0.5224493860241352,-0.3423048978401123,45,0,1,0,0,0,0,0,0,0,0,0,0,0,0,0,0,0,0,0,0,0,0,0,0,0,0,1
72,-0.3910238459273289,0.5365772759139985,-0.4938700846572298,-0.6072075856221044,-0.5561616784119793,-0.32465106887885353,0.36367838763109633,-0.5870820003418524,-0.3708268156840572,2.3547117507006656,75,0,1,0,1,0,0,0,0,0,0,0,0,0,0,0,0,0,0,0,0,0,0,0,0,0,0,0
73,0.11828526691909542,-0.3068712030444727,-0.42129016936345337,-0.7024321995459679,-0.15452359098260804,-0.32465106887885353,-0.13264471080203297,0.005384309207196732,-0.10893328509664976,-0.5580662297233745,61,0,1,1,0,0,0,0,0,0,0,0,0,0,0,0,0,0,0,0,0,0,0,0,0,0,0,0
74,0.5442528885724686,3.463677779075701,0.304508983574311,1.5965620509015943,-0.26406125119061835,0.8530372473092325,0.5861237141309185,0.09653297221474276,-0.4810977759313866,0.8443824275178301,130,0,1,0,0,0,0,0,0,0,0,0,0,0,0,0,0,0,0,0,0,0,0,0,0,0,0,1
75,-0.8231649113727799,-0.9019528449775941,0.13515584788883264,-0.852070878569182,-0.8847746590360103,0.8530372473092325,-0.5856788343286458,-1.0428253153795826,-0.6602880863332969,-0.9895888934898991,25,0,1,0,0,0,0,0,0,0,0,0,0,0,0,0,0,0,0,0,0,0,0,0,0,0,0,1
76,-0.6194412662342101,0.8740178164929615,-0.5422566948530807,-0.6106084646908138,-0.9577997658413505,-0.32465106887885353,1.7073510245808892,-0.7389964386877625,-0.6740719563642131,2.3547117507006656,49,0,1,0,0,0,0,0,0,0,0,0,0,0,0,0,0,0,0,0,0,0,0,0,0,0,0,1
77,-0.4527582838481076,-0.43243047395757517,-0.5422566948530807,-0.3487407764001891,-0.04498593077459771,-0.32465106887885353,-0.3486609816226695,-0.1769130168078953,-0.026230064911152682,0.41285976375130556,52,0,1,1,0,0,0,0,0,0,0,0,0,0,0,0,0,0,0,0,0,0,0,0,0,0,0,0
78,-0.7861242486203127,-0.55207867529847,-0.05839059289457119,-0.8112603297446691,-0.6656993386199895,-0.32465106887885353,-0.12450124027506451,-1.0580167592141736,-0.6327203462714646,-0.5580662297233745,31,0,1,0,0,0,0,1,0,0,0,0,0,0,0,0,0,0,0,0,0,0,0,0,0,0,0,0
79,-0.40337073351148467,0.16509712779852878,-0.5422566948530807,-0.42356011591179615,-0.22754869778794826,-0.32465106887885353,-0.05378162780402278,-0.3895932304921694,-0.4948816459623028,0.0892177659264122,71,0,1,0,0,0,0,0,0,0,0,0,0,0,0,0,0,0,0,0,0,0,0,0,0,0,0,1
80,-0.7089562012193392,-0.6641851671851686,-0.1551638132862731,-0.7908550553324126,-0.7387244454253298,-0.32465106887885353,-0.12492984398701022,-0.6478477756802165,-0.5362332560550513,0.41285976375130556,34,0,1,0,0,0,0,0,0,1,0,0,0,0,0,0,0,0,0,0,0,0,0,0,0,0,0,0
81,-0.5360997750411589,-0.48664925003368764,-0.5422566948530807,-0.5357891251792067,-0.5926742318146494,-0.32465106887885353,-0.5496761225252064,-0.6174648880110345,-0.6051526062096322,0.19709843186804332,53,0,1,0,0,0,0,0,0,0,0,0,0,0,0,0,0,0,0,0,0,0,0,0,0,0,0,1
82,-0.6132678224421323,2.240086377628697,-0.5422566948530807,-0.661621650721455,-0.6656993386199895,-0.32465106887885353,1.1223069577749984,-0.4199761181613514,-0.6465042163023808,2.2468310847590347,52,0,1,0,0,0,0,0,0,0,0,0,0,0,0,0,0,0,0,0,0,0,0,0,0,0,0,1
83,-0.35706990507090064,-0.14900487946947608,-0.20355042348212407,-0.09707572531569261,0.06455172943341263,0.4604744752465371,-0.08506969877605942,-0.04019002229657628,-0.0813655450348174,-1.2053502253731614,55,0,1,0,0,0,0,0,0,0,0,0,0,0,0,0,0,0,0,0,0,0,0,0,0,0,0,1
84,-0.7398234201797287,-0.6498151532251464,0.03838262749713072,-0.8078594506759597,-1.103849979452031,-0.32465106887885353,-0.45324028733742217,-0.7693793263569445,-0.6327203462714646,0.0892177659264122,39,0,1,0,0,0,0,0,0,0,0,0,0,0,0,0,0,0,0,0,0,0,0,0,0,0,0,1
85,-0.6163545443381712,1.146334676785015,-0.5422566948530807,-0.580000553072429,-0.6656993386199895,-0.32465106887885353,2.610847649362441,-0.32882745515380535,-0.3432590756222248,-1.2053502253731614,57,0,1,0,0,0,0,0,0,0,1,0,0,0,0,0,0,0,0,0,0,0,0,0,0,0,0,0
86,-0.6935225917391445,-0.4506732576373198,-0.4938700846572298,-0.8622735157753102,-0.7387244454253298,-0.32465106887885353,-0.4163803681100913,-0.6934221071839894,-0.5638009961168837,0.8443824275178301,41,0,1,0,1,0,0,0,0,0,0,0,0,0,0,0,0,0,0,0,0,0,0,0,0,0,0,0
87,-0.6780889822589499,-0.3120688676683105,0.18354245808468359,-0.7908550553324126,-0.7387244454253298,1.2456000193719279,-0.12492984398701022,-0.8453365455298996,-0.6189364762405484,-0.4501855637817434,46,0,1,0,0,0,0,0,0,0,0,0,0,0,0,0,0,0,0,0,0,0,0,0,0,0,0,1
88,-0.5206661655609642,-1.2299152912424998,-0.5180633897551553,-0.5561943995914632,0.3566521566547735,-0.32465106887885353,-0.8531275505827672,-0.6782306633493985,-0.2881235954985601,-0.8817082275482679,10,0,1,0,0,0,0,0,0,0,0,0,0,0,0,0,1,0,0,0,0,0,0,0,0,0,0,0
89,-0.5144927217688864,1.135429772574218,-0.5422566948530807,-0.4983794554234032,-0.6656993386199895,-0.32465106887885353,2.610847649362441,-0.23767879214625934,-0.2329881153748954,-0.4501855637817434,57,0,1,0,0,0,0,0,0,0,1,0,0,0,0,0,0,0,0,0,0,0,0,0,0,0,0,0
90,-0.8231649113727799,-1.041576384872846,0.5706353396514913,-0.8758770320501479,-0.7387244454253298,-0.32465106887885353,-0.48281394346167594,-0.8605279893644905,-0.6051526062096322,-0.9895888934898991,20,0,1,0,0,0,0,0,0,0,1,0,0,0,0,0,0,0,0,0,0,0,0,0,0,0,0,0
91,-0.5638802721055093,-0.3647589188550589,-0.5422566948530807,-0.562996157728882,-0.6656993386199895,-0.32465106887885353,0.5505496060394248,-0.5566991126726705,-0.2881235954985601,-0.018662900015218923,49,0,1,0,0,0,0,0,0,0,1,0,0,0,0,0,0,0,0,0,0,0,0,0,0,0,0,0
92,0.41461056893883325,-0.16622851322297796,-0.4454834744613788,0.6239106372507026,0.7582902440841447,-0.32465106887885353,-0.5672488747149803,0.38517040507197187,1.3383730681495491,-1.0974695594315302,79,0,1,0,0,0,0,0,0,1,0,0,0,0,0,0,0,0,0,0,0,0,0,0,0,0,0,0
93,-0.4589317276401855,4.272577075534544,-0.20355042348212407,-0.7092339576833867,-0.7022118920226597,0.0679117031838418,2.982018463907423,-0.6478477756802165,-0.6189364762405484,1.1680244253427234,91,0,1,0,0,0,0,0,0,0,0,0,0,0,0,0,0,0,0,0,0,0,0,0,0,0,0,1
94,-0.8077313018925852,-0.7797567688210926,-0.5422566948530807,-0.8078594506759597,-0.9212872124386804,-0.32465106887885353,-0.18964900449081204,-0.8909108770336726,-0.6465042163023808,-0.5580662297233745,22,0,1,0,0,0,0,0,0,0,0,0,0,0,0,0,0,0,0,0,0,0,0,0,0,0,0,1
95,-0.5638802721055093,-0.857619823186036,-0.4938700846572298,-0.3249346229192232,-0.3370863579959586,-0.32465106887885353,-0.6083948310617683,-0.9061023208682636,-0.0813655450348174,-1.2053502253731614,45,0,1,0,0,0,0,0,0,0,0,0,0,0,0,0,0,0,0,1,0,0,0,0,0,0,0,0
96,-0.8293383551648578,-0.8878885759954446,-0.010003982698720236,-0.8928814273936949,-0.8847746590360103,-0.32465106887885353,-0.5471045002535321,-1.0883996468833557,-0.6465042163023808,-0.8817082275482679,25,0,1,0,0,0,0,0,0,0,0,0,0,0,0,0,0,0,0,0,0,0,0,0,0,0,0,1
97,-0.25520808250161575,2.3871497119855207,-0.42129016936345337,-0.6310137391030702,-0.26406125119061835,-0.32465106887885353,6.033248289248915,-0.024998578461985277,-0.5775848661477999,2.7862344144671902,58,0,1,0,0,0,0,0,0,0,0,0,0,0,0,0,0,0,0,0,0,0,0,0,0,0,0,1
98,-0.7151296450114172,-0.7665078197799372,-0.4454834744613788,-0.8248638460195067,-0.8847746590360103,-0.32465106887885353,-0.23036635712565426,-0.6326563318456254,-0.6327203462714646,-0.23442423189848116,27,0,1,0,0,0,0,0,0,0,0,0,0,0,0,1,0,0,0,0,0,0,0,0,0,0,0,0
99,-0.7305632544916119,0.02690039780001659,-0.4938700846572298,-0.7738506599888655,-0.8847746590360103,-0.32465106887885353,0.21066686246647873,-0.7238049948531715,-0.7016396964260455,1.9231890869341413,43,0,1,0,0,0,0,0,0,0,0,0,0,0,0,0,0,0,0,0,0,0,0,0,0,0,0,1
100,-0.5731404377936261,-0.06696331040693748,0.5706353396514913,-0.5527935205227538,-0.5196491250093092,0.4604744752465371,-0.3533756224540723,-0.4351675619959424,-0.6051526062096322,0.41285976375130556,56,0,1,0,0,0,0,0,0,0,0,0,0,0,0,0,0,0,0,0,0,0,0,0,0,0,1,0
101,-0.6009209348579765,0.12789815549066968,-0.5422566948530807,-0.6752251669962926,-0.7752369988279999,-0.32465106887885353,2.450978464806692,-0.5415076688380794,-0.508665515993219,-0.12654356595685004,52,0,1,0,0,0,0,0,0,0,0,0,0,0,0,0,0,0,0,0,0,0,0,0,0,0,0,1
102,-0.5484466626253146,-0.11608633685183636,-0.5180633897551553,-0.4337627531179244,-0.6656993386199895,-0.32465106887885353,-0.12664425883479305,-0.5870820003418524,-0.5362332560550513,-0.4501855637817434,53,0,1,0,0,0,0,0,0,0,0,0,0,0,0,1,0,0,0,0,0,0,0,0,0,0,0,0
103,-0.5669669940015483,-0.723601607885119,0.5464420345535658,-0.7602471437140279,-0.6291867852173195,-0.32465106887885353,-0.514959221857604,-0.4047846743267604,-0.46731390590047045,-0.4501855637817434,40,0,1,0,0,0,0,0,0,0,1,0,0,0,0,0,0,0,0,0,0,0,0,0,0,0,0,0
104,-0.6503084851945995,-0.21728792452773799,-0.2761303387759005,-0.7704497809201561,-0.6656993386199895,0.0679117031838418,0.023795644058150277,-0.7997622140261265,-0.6189364762405484,0.9522630934594613,36,0,1,0,0,0,0,0,0,0,0,0,0,0,0,0,0,0,0,0,0,0,0,0,0,0,0,1
105,0.473258284963573,1.0425852142935066,-0.5180633897551553,0.10357613973816267,0.21060194304409308,-0.32465106887885353,0.2145242958739901,0.96244527078643,-0.6189364762405484,1.81530842099251,104,0,1,0,0,0,0,0,0,0,0,0,0,0,0,0,0,0,0,0,0,0,0,0,0,0,1,0
106,-0.6040076567540155,-0.6014055317286173,-0.5180633897551553,-0.005251990460538505,-0.7387244454253298,-0.32465106887885353,-0.2560825798423967,-0.5718905565072614,-0.5224493860241352,0.0892177659264122,45,0,1,0,0,0,0,0,0,0,0,0,0,0,0,0,0,0,0,0,0,1,0,0,0,0,0,0
107,-0.37559023644713424,1.332839113287432,-0.5422566948530807,-0.4507671484614714,-0.3735989113986287,-0.32465106887885353,1.6267735267350962,-0.04019002229657628,-0.357042945653141,1.2759050912843546,76,0,1,0,0,0,0,0,0,0,0,0,0,0,0,0,0,0,0,0,0,0,0,0,0,0,0,1
108,-0.6595686508827163,-0.5170199178357205,-0.5422566948530807,-0.7024321995459679,-0.6291867852173195,-0.32465106887885353,-0.4352389314357024,-0.8605279893644905,-0.45353003586955426,-0.5580662297233745,42,0,1,0,0,0,0,0,0,0,0,1,0,0,0,0,0,0,0,0,0,0,0,0,0,0,0,0
109,-0.3354628517986281,-0.42386961457713634,-0.5422566948530807,-0.2875249531634197,0.06455172943341263,-0.32465106887885353,-0.5029583179231242,-0.4199761181613514,-0.205420375313063,-0.9895888934898991,56,0,1,0,0,1,0,0,0,0,0,0,0,0,0,0,0,0,0,0,0,0,0,0,0,0,0,0
110,-0.6935225917391445,0.9274212726280798,0.014189322399205243,-0.8418682413630537,-0.8847746590360103,-0.32465106887885353,0.532548250137705,-0.7238049948531715,-0.6878558263951293,0.19709843186804332,49,0,1,0,0,0,0,0,0,0,0,0,0,0,0,0,0,0,0,0,0,0,0,0,0,0,0,1
111,-0.8540321303331693,-0.5056054386618022,-0.5422566948530807,-0.9132867018059514,-0.9212872124386804,-0.32465106887885353,0.3572493319519107,-1.0428253153795826,-0.6740719563642131,-0.12654356595685004,16,0,1,0,0,0,0,0,0,1,0,0,0,0,0,0,0,0,0,0,0,0,0,0,0,0,0,0
112,-0.8077313018925852,-1.0628766183313187,-0.4938700846572298,-0.8214629669507973,-0.8847746590360103,-0.32465106887885353,-0.7001160254181497,-0.9820595400412185,-0.6602880863332969,-0.018662900015218923,20,0,1,0,0,1,0,0,0,0,0,0,0,0,0,0,0,0,0,0,0,0,0,0,0,0,0,0
113,-0.7429101420757676,-1.0892726014210052,-0.34871025406967693,-0.7874541762637032,-0.3005738045932885,-0.32465106887885353,-0.7554059042591459,-0.9212937647028545,-0.5638009961168837,-0.9895888934898991,23,0,1,0,0,1,0,0,0,0,0,0,0,0,0,0,0,0,0,0,0,0,0,0,0,0,0,0
114,-0.6842624260510278,-1.1590843713686312,-0.34871025406967693,-0.7874541762637032,-0.5926742318146494,-0.32465106887885353,-0.8192678573390564,-0.9972509838758096,-0.5224493860241352,-0.9895888934898991,23,0,1,0,0,1,0,0,0,0,0,0,0,0,0,0,0,0,0,0,0,0,0,0,0,0,0,0
115,1.3468005815425916,0.7927915673714171,-0.10677720309042214,2.276737864643477,1.9997170597749285,-0.32465106887885353,-0.16821881889352666,1.327039922816614,1.7381052990461183,2.0310697528757724,101,1,0,0,0,0,0,0,0,0,0,0,0,0,0,0,0,0,0,1,0,0,0,0,0,0,0,0
116,0.8714454095525956,4.749539241016135,-0.05839059289457119,0.2294086652804109,0.06455172943341263,2.030725563497319,4.726435571526453,1.008019602290203,-0.09514941506573357,1.2759050912843546,106,1,0,0,0,0,0,0,0,0,0,0,0,0,0,0,0,0,0,0,0,0,0,0,0,0,0,1
117,0.3806566280824049,-0.30758460799284254,-0.5422566948530807,0.5150825070520014,0.7948027974868148,-0.32465106887885353,-0.2046501344089118,0.46112762424492687,0.5802602164491593,-1.0974695594315302,61,1,0,0,0,0,0,0,0,0,0,0,0,0,0,0,0,0,1,0,0,0,0,0,0,0,0,0
118,0.30966202447350943,1.3275395336709699,0.4738621192597893,-0.2093047345831032,-0.3370863579959586,1.2456000193719279,1.6087721708333766,-0.1617215729733043,-0.2881235954985601,0.41285976375130556,85,1,0,0,0,0,0,0,0,0,0,0,0,0,0,0,0,0,0,0,0,0,0,0,0,0,0,1
119,-0.26138152629369366,-0.4397683534265227,-0.39709686426552787,-0.16509330668988084,-0.3370863579959586,1.2456000193719279,0.7965681366962609,-0.3440188989883964,-0.357042945653141,-0.8817082275482679,71,1,0,0,0,0,0,0,0,0,0,0,0,0,0,0,0,0,0,0,0,0,0,0,0,0,0,1
120,-0.8972462368777143,-1.2635472388085094,0.11096254279090716,-0.7976568134698314,-1.0673374260493609,-0.32465106887885353,-0.8616996248216814,-1.1491654222217196,-0.5362332560550513,-2.499918216672735,3,1,0,0,0,0,0,0,0,0,0,0,0,0,1,0,0,0,0,0,0,0,0,0,0,0,0,0
121,1.4610092916960324,2.847295903684107,0.8125683906307462,1.9978657810093052,1.5980789723455573,-0.32465106887885353,2.217389441796281,2.7094613117643953,0.5113408662945783,-0.23442423189848116,109,1,0,1,0,0,0,0,0,0,0,0,0,0,0,0,0,0,0,0,0,0,0,0,0,0,0,0
122,0.9763939540179195,0.5673556036865285,2.868999323954412,0.5082807489145826,0.7217776906814746,1.2456000193719279,0.04479722594348994,1.099168265297749,0.5940440864800755,0.6286210956345678,66,1,0,0,0,0,0,0,0,0,0,0,0,0,0,0,0,0,0,0,0,0,0,0,0,0,0,1
123,3.9828610807598426,1.1332895577291082,-0.25193703367797504,2.7528609342627943,2.5474053608149805,-0.32465106887885353,-0.6011085679586913,2.253717996726665,5.280559896991576,0.41285976375130556,121,1,0,0,0,1,0,0,0,0,0,0,0,0,0,0,0,0,0,0,0,0,0,0,0,0,0,0
124,0.06272427279039458,-0.9966318731255424,-0.25193703367797504,0.685126460487472,1.3790036519295368,-0.32465106887885353,-0.7926944271984224,-0.08576435380034929,2.689192331179335,0.41285976375130556,31,1,0,0,0,1,0,0,0,0,0,0,0,0,0,0,0,0,0,0,0,0,0,0,0,0,0,0
125,0.3405292434338988,0.4737976404574472,-0.5180633897551553,0.9469941487780967,1.5980789723455573,-0.32465106887885353,-0.04820977954872858,1.1751254844707042,-0.2743397254676439,-0.6659468956650056,73,1,0,0,0,1,0,0,0,0,0,0,0,0,0,0,0,0,0,0,0,0,0,0,0,0,0,0
126,0.0009898348696158737,-0.7195250081801481,-0.4454834744613788,0.03895943743268385,0.17408938964142295,-0.32465106887885353,-0.703973458825661,0.2788302982298348,-0.16406876522031447,-0.5580662297233745,49,1,0,0,0,1,0,0,0,0,0,0,0,0,0,0,0,0,0,0,0,0,0,0,0,0,0,0
127,0.5102989477160402,0.1299364553431551,-0.5422566948530807,0.6137080000445744,2.145767273385609,-0.32465106887885353,-0.6662563321744388,1.7675917940197532,-0.3432590756222248,0.19709843186804332,75,1,0,0,0,1,0,0,0,0,0,0,0,0,0,0,0,0,0,0,0,0,0,0,0,0,0,0
128,-0.1101321533877858,-0.5775574234545379,-0.5180633897551553,0.3994526187158815,0.21060194304409308,-0.32465106887885353,-0.5316747666234867,-0.009807134627394272,0.16674411552167384,0.6286210956345678,63,1,0,0,0,0,0,0,0,0,0,0,0,0,0,0,0,0,0,0,0,1,0,0,0,0,0,0
129,1.047388557626815,0.7810713432196259,2.3367466118000513,0.9980073348087379,0.8678279042921551,-0.32465106887885353,-0.11121452520474757,1.5549115803354792,0.2632312057380871,-0.3423048978401123,84,1,0,0,0,0,0,0,0,1,0,0,0,0,0,0,0,0,0,0,0,0,0,0,0,0,0,0
130,1.047388557626815,0.07429086937030285,2.5544863576813803,1.3516987579545168,0.24711449644676317,-0.32465106887885353,-0.265940465217148,0.5370848434178819,1.6002665987369564,-0.7738275616066368,80,1,0,0,0,0,0,0,0,0,0,0,0,0,0,0,0,0,0,0,0,0,0,0,0,0,1,0
131,0.1676728172557184,-0.6262727899289396,-0.39709686426552787,0.8041572278923015,2.182279826788279,-0.32465106887885353,-0.5286745406398666,1.099168265297749,0.6353956965728239,-1.0974695594315302,46,1,0,0,0,0,0,0,0,0,0,0,0,1,0,0,0,0,0,0,0,0,0,0,0,0,0,0
132,-0.30459563283823876,-0.8539508834515622,-0.4696767795593043,-0.4541680275301808,-0.5926742318146494,-0.32465106887885353,-0.7164029664720866,-0.1161472414695313,0.18052798555259,-0.7738275616066368,54,1,0,0,0,1,0,0,0,0,0,0,0,0,0,0,0,0,0,0,0,0,0,0,0,0,0,0
133,-0.23051430733330427,-0.4809420104467284,0.35289559377016194,-0.4201592368430867,-0.22754869778794826,-0.32465106887885353,-0.3692339597960635,-0.4807418934997154,-0.39839455574588956,-0.5580662297233745,52,1,0,0,0,0,0,0,0,0,0,0,0,0,0,0,0,0,0,0,0,0,0,0,0,0,1,0
134,-0.7336499763876507,-1.031486800603043,0.0625759325950562,-0.6446172553779079,-0.7022118920226597,1.2456000193719279,-0.5325319740473781,-0.9061023208682636,-0.4810977759313866,-1.3132308913147923,25,1,0,0,0,0,0,0,0,0,0,0,0,0,0,0,0,0,0,0,0,0,0,0,0,0,0,1
135,-0.38793712403129,0.15072711383850648,-0.1551638132862731,-0.5085820926295315,-0.26406125119061835,-0.32465106887885353,0.3645355950549877,-0.19210446064248632,-0.2743397254676439,-0.9895888934898991,51,1,0,0,0,0,0,0,0,0,0,0,0,0,0,0,0,0,0,0,0,1,0,0,0,0,0,0
136,-0.5268396093530421,-0.6821222058870404,-0.2761303387759005,-0.34193901826277023,-0.6656993386199895,-0.32465106887885353,-0.535532200030998,-0.6326563318456254,-0.5775848661477999,0.5207404296929367,35,1,0,0,0,0,0,0,1,0,0,0,0,0,0,0,0,0,0,0,0,0,0,0,0,0,0,0
137,0.8683586876565568,0.34171581001639134,-0.4938700846572298,0.19539987459331679,0.6122400304734643,-0.32465106887885353,-0.4005220307681001,0.4459361804103359,1.40729241830413,0.736501761576199,101,1,0,1,0,0,0,0,0,0,0,0,0,0,0,0,0,0,0,0,0,0,0,0,0,0,0,0
138,3.195746997269914,1.6193221575542591,2.723839493366859,3.433036748004677,2.5474053608149805,5.563790512061577,-0.11850078830782461,2.451206766576348,4.3708244749511085,-0.4501855637817434,96,1,0,0,0,0,0,0,0,0,0,0,0,0,0,0,0,0,0,0,0,0,0,0,0,0,0,1
139,4.578598406695357,1.2548741439298643,2.6028729678772313,2.7834688458811794,2.5474053608149805,-0.32465106887885353,-0.42323802750122264,1.023211046124794,2.6064891109938375,1.2759050912843546,85,1,0,0,0,0,0,0,0,0,0,0,0,0,0,0,0,0,0,0,0,0,0,0,0,0,1,0
140,-0.048397715467007094,-0.6232153401502115,-0.5180633897551553,-0.08007132997214556,0.24711449644676317,-0.32465106887885353,-0.6619702950549817,0.47631906807951785,0.5664763464182431,-0.9895888934898991,55,1,0,0,0,1,0,0,0,0,0,0,0,0,0,0,0,0,0,0,0,0,0,0,0,0,0,0
141,1.5412640609930446,1.5199550397455945,1.4899809333726595,0.7225361302432756,0.8313153508894849,4.386102195873491,0.23938331116684114,1.129551152966931,0.11160863539800911,0.0892177659264122,103,1,0,0,0,0,0,0,0,0,0,0,0,0,0,0,0,0,0,0,0,0,0,0,0,0,0,1
142,1.2974130312059688,2.5008868437542078,-0.42129016936345337,0.6307123953881215,1.0138781179028356,-0.32465106887885353,0.3645355950549877,0.992828158455612,-0.46731390590047045,0.5207404296929367,126,1,0,0,0,0,0,0,0,0,0,0,0,0,0,0,0,0,0,0,0,1,0,0,0,0,0,0
143,1.0041744510822699,0.1410451895392007,-0.32451694897175143,1.4435224928096708,1.8536668461642483,-0.32465106887885353,-0.2929424990697276,1.068785377628567,1.5313472485823756,0.19709843186804332,92,1,0,0,0,0,0,0,0,0,0,0,0,0,0,0,0,0,0,0,0,1,0,0,0,0,0,0
144,0.5843802732209746,0.6108733055370924,1.1754679670996282,0.10017526066945326,0.502702370265454,-0.32465106887885353,-0.522245484960681,0.2332559667260618,-0.026230064911152682,-0.23442423189848116,84,1,0,0,1,0,0,0,0,0,0,0,0,0,0,0,0,0,0,0,0,0,0,0,0,0,0,0
145,-0.3447230174867449,0.6763027308018748,-0.5422566948530807,-0.06986869276601733,-0.0084733773719276,-0.32465106887885353,3.0038772532166544,-0.024998578461985277,-0.7016396964260455,-0.018662900015218923,64,1,0,0,0,0,0,0,0,0,0,0,0,0,0,0,0,0,0,1,0,0,0,0,0,0,0,0
146,-0.29842218904616086,-0.5242558823120438,1.0786947467079264,-0.3555425345376079,-0.11801103757993793,-0.32465106887885353,0.03922537768819575,-0.4199761181613514,0.09782476536709293,-0.6659468956650056,39,1,0,0,0,0,0,0,0,0,0,1,0,0,0,0,0,0,0,0,0,0,0,0,0,0,0,0
147,1.4147084632554483,0.1371724198194784,-0.34871025406967693,1.2564741440306533,1.9632045063722585,-0.32465106887885353,-0.6855434992119956,1.068785377628567,2.2756762302518494,-0.3423048978401123,78,1,0,0,0,0,0,0,0,0,0,0,0,0,0,0,0,1,0,0,0,0,0,0,0,0,0,0
148,0.32818235584974303,1.7779018860776257,-0.25193703367797504,0.12398141415041913,-0.5196491250093092,1.2456000193719279,0.8874321236287509,0.43074473657574486,-0.3294752055913086,2.8941150804088216,124,1,0,0,0,0,0,0,0,0,0,0,0,0,0,0,0,0,0,0,0,0,0,0,0,0,0,1
149,0.473258284963573,-0.12587017614376642,0.2803156784763855,0.5490912977390956,0.7217776906814746,-0.32465106887885353,-0.33666007768818973,0.886488051613475,0.8972892271602313,0.30497909780967447,67,1,0,0,0,0,0,0,0,0,0,0,0,0,0,0,0,0,0,0,0,0,0,0,0,0,1,0
150,-0.5762271596896651,0.08203640880974748,-0.5422566948530807,-0.7670489018514467,-0.7022118920226597,-0.32465106887885353,1.2868907831621503,-0.31363601131921437,-0.5224493860241352,0.41285976375130556,44,1,0,0,0,0,0,0,0,0,0,0,0,0,0,0,0,0,1,0,0,0,0,0,0,0,0,0
151,0.5967271608051304,-0.20801366019892928,-0.4696767795593043,0.3654438280287874,1.2329534383188563,-0.32465106887885353,-0.6546840319519047,0.886488051613475,0.27701507576900325,0.0892177659264122,64,1,0,0,0,0,0,0,0,0,0,0,0,1,0,0,0,0,0,0,0,0,0,0,0,0,0,0
152,-0.1348259285560973,-0.6138391608287785,0.44966881416186383,-0.3079302275756761,-0.22754869778794826,-0.32465106887885353,-0.5908220788719942,0.2180645228914708,0.23566346567625474,-0.6659468956650056,40,1,0,0,0,0,1,0,0,0,0,0,0,0,0,0,0,0,0,0,0,0,0,0,0,0,0,0
153,1.4733561792801881,0.025269757918028244,-0.300323643873826,2.2733369855747676,2.5474053608149805,-0.32465106887885353,-0.7159743627601408,2.071420670711573,4.660285745600348,0.30497909780967447,77,1,0,0,0,0,0,0,0,0,0,0,0,0,0,0,0,0,1,0,0,0,0,0,0,0,0,0
154,0.5936404389090915,0.5049836282004743,2.1432001710166473,0.2736200931736332,-0.0084733773719276,-0.32465106887885353,1.0100127852452232,0.29402174206442583,0.2494473357071709,-0.3423048978401123,66,1,0,0,0,0,0,0,0,0,0,0,0,0,0,0,0,0,0,0,0,0,1,0,0,0,0,0
155,3.7420967728688055,1.4136577024384793,0.9819215263162244,3.6881026781578825,2.5474053608149805,-0.32465106887885353,-0.40609387902339433,5.185666656802729,1.793240779169783,1.599547089109248,86,1,0,0,0,1,0,0,0,0,0,0,0,0,0,0,0,0,0,0,0,0,0,0,0,0,0,0
156,0.615247492181364,1.1794570493879033,-0.5422566948530807,0.2022016327307356,0.39316471005744363,-0.32465106887885353,-0.11892939201977032,0.005384309207196732,-0.7154235664569617,0.5207404296929367,87,1,0,0,0,0,0,0,0,0,0,0,0,0,0,0,0,0,0,0,0,0,0,0,0,0,0,1
157,-0.23360102922934323,-0.2644745661127757,-0.5422566948530807,-0.24671440433890673,-0.22754869778794826,-0.32465106887885353,-0.6062518125020397,-0.1769130168078953,0.1253925054289253,-1.2053502253731614,72,1,0,0,0,1,0,0,0,0,0,0,0,0,0,0,0,0,0,0,0,0,0,0,0,0,0,0
158,-0.5391864969371978,-0.9234569084213153,-0.39709686426552787,-0.1718950648272997,-0.3005738045932885,-0.32465106887885353,-0.5728207229702745,-0.3895932304921694,0.07025702530526058,-0.8817082275482679,24,1,0,0,0,1,0,0,0,0,0,0,0,0,0,0,0,0,0,0,0,0,0,0,0,0,0,0
159,-0.3539831831748617,-0.8828947413568553,-0.5180633897551553,-0.0018511113918290927,0.502702370265454,-0.32465106887885353,-0.76397797849806,-0.1161472414695313,-0.12271715512756594,-1.5289922231980546,45,1,0,0,0,1,0,0,0,0,0,0,0,0,0,0,0,0,0,0,0,0,0,0,0,0,0,0
160,1.7388142623395364,1.5960855392359252,-0.32451694897175143,2.385565994842178,2.5474053608149805,-0.32465106887885353,-0.4313814980281911,1.1751254844707042,1.1178311476548901,-0.5580662297233745,103,1,0,0,0,1,0,0,0,0,0,0,0,0,0,0,0,0,0,0,0,0,0,0,0,0,0,0
161,0.6029006045972083,-0.4248887645033791,0.7157951702390442,0.8517695348542332,1.3790036519295368,-0.32465106887885353,-0.5548193670685548,1.4941458049971152,1.021344057438477,0.0892177659264122,48,1,0,0,0,1,0,0,0,0,0,0,0,0,0,0,0,0,0,0,0,0,0,0,0,0,0,0
162,-0.14717281614025302,-0.5704233739708389,-0.5422566948530807,-0.7092339576833867,-0.7752369988279999,-0.32465106887885353,-0.6482549762727191,-0.20729590447707733,0.13917637545984146,-1.0974695594315302,65,1,0,0,0,1,0,0,0,0,0,0,0,0,0,0,0,0,0,0,0,0,0,0,0,0,0,0
163,0.8529250781763621,0.49509787391592,-0.5180633897551553,0.41645701405942853,0.9773655645001654,-0.32465106887885353,0.20209478822756458,0.47631906807951785,-0.2329881153748954,0.41285976375130556,80,1,0,0,0,1,0,0,0,0,0,0,0,0,0,0,0,0,0,0,0,0,0,0,0,0,0,0
164,-0.008270330818500933,-0.7452075863214644,-0.5422566948530807,-0.20250297644568438,0.10106428283608274,-0.32465106887885353,-0.6645419173266559,-0.04019002229657628,1.2970214580568005,-1.744753555081317,56,1,0,0,0,1,0,0,0,0,0,0,0,0,0,0,0,0,0,0,0,0,0,0,0,0,0,0
165,0.9763939540179195,-0.4118436454474723,-0.5422566948530807,0.05936471184494032,-0.5561616784119793,-0.32465106887885353,-0.5809641934972429,1.220699815974477,0.16674411552167384,0.5207404296929367,72,1,0,0,0,1,0,0,0,0,0,0,0,0,0,0,0,0,0,0,0,0,0,0,0,0,0,0
166,0.21706036759234135,-0.7627369650528392,-0.4696767795593043,-0.1718950648272997,-0.48313657160663903,-0.32465106887885353,-0.7022590439778782,0.18768163522228878,0.7456666568201533,-0.9895888934898991,58,1,0,0,0,1,0,0,0,0,0,0,0,0,0,0,0,0,0,0,0,0,0,0,0,0,0,0
167,-0.31385579852635553,-0.6157755456886397,-0.5180633897551553,-0.4405645112553432,-0.6656993386199895,-0.32465106887885353,-0.6238245646918137,-0.22248734831166833,0.11160863539800911,-0.9895888934898991,57,1,0,0,0,1,0,0,0,0,0,0,0,0,0,0,0,0,0,0,0,0,0,0,0,0,0,0
168,-0.2490346387095379,-0.3320442062226677,-0.5422566948530807,-0.19910209737697496,0.02803917603074251,-0.32465106887885353,-0.2046501344089118,-0.4807418934997154,-0.2329881153748954,-0.3423048978401123,61,1,0,0,0,1,0,0,0,0,0,0,0,0,0,0,0,0,0,0,0,0,0,0,0,0,0,0
169,-0.029877384090773482,0.16795074759200837,-0.42129016936345337,-0.3487407764001891,0.502702370265454,5.171227739998882,-0.3448035482151582,0.2180645228914708,-0.24677198540581155,-0.018662900015218923,66,1,0,0,0,0,0,0,0,0,0,0,0,0,0,0,0,0,0,0,0,0,0,0,0,0,0,1
170,0.10902510123097861,-0.4404817583748926,-0.5422566948530807,-0.1514897904150432,-0.08149848417726782,-0.32465106887885353,0.048226055639055604,0.17249019138769778,0.4010699060472489,-0.12654356595685004,54,1,0,0,0,0,0,0,0,0,0,0,0,0,0,0,0,0,0,0,0,1,0,0,0,0,0,0
171,-0.4743653371203802,0.4069414052959251,-0.08258389799249667,-0.4439653903240526,-0.8847746590360103,-0.32465106887885353,1.074731945749025,-0.5718905565072614,-0.5224493860241352,1.9231890869341413,44,1,0,0,0,0,0,0,0,1,0,0,0,0,0,0,0,0,0,0,0,0,0,0,0,0,0,0
172,0.2571877522408475,-0.7748648491751275,-0.5180633897551553,0.04576119557010267,0.5757274770707942,-0.32465106887885353,-0.7014018365539868,1.008019602290203,0.35971829595450033,-1.0974695594315302,56,1,0,1,0,0,0,0,0,0,0,0,0,0,0,0,0,0,0,0,0,0,0,0,0,0,0,0
173,0.0719844384785114,0.6916918946881397,-0.25193703367797504,0.7123334930371473,0.4296772634601137,-0.32465106887885353,2.0163743008937445,0.3395960735681988,2.234324620159101,-1.4211115572564235,65,1,0,1,0,0,0,0,0,0,0,0,0,0,0,0,0,0,0,0,0,0,0,0,0,0,0,0
174,1.09060266417136,1.1259516782601606,1.1996612721975537,1.3312934835422603,0.13757683623875283,5.956353284124273,-0.13735935163343574,1.5701030241700702,0.30458281583083563,0.5207404296929367,85,1,0,0,0,0,0,0,0,0,0,0,0,0,0,0,0,0,0,0,0,0,0,0,0,0,0,1
175,0.02259688814188842,-0.4448641030577363,0.7399884753369695,0.2022016327307356,0.24711449644676317,-0.32465106887885353,-0.5908220788719942,-0.1009557976349403,0.8421537470365666,-1.0974695594315302,56,1,0,1,0,0,0,0,0,0,0,0,0,0,0,0,0,0,0,0,0,0,0,0,0,0,0,0
176,-0.11321887528382474,-0.7149388335120559,-0.42129016936345337,-0.1820977020334279,0.24711449644676317,-0.32465106887885353,-0.6221101498440309,-0.1161472414695313,0.4424215161399974,-1.2053502253731614,67,1,0,0,0,0,0,0,0,0,0,0,0,0,0,0,0,0,0,0,0,0,0,0,1,0,0,0
177,1.4640960135920713,1.0722424771471697,4.2238244094382384,1.4707295253593462,2.2553049335936195,-0.32465106887885353,-0.11850078830782461,1.1447425968015221,3.116492302137736,-0.4501855637817434,86,1,0,0,0,0,0,0,0,0,0,0,0,0,0,0,0,0,0,1,0,0,0,0,0,0,0,0
178,-0.12865248476401941,-0.6945558349872015,-0.4696767795593043,0.10697701880687208,1.5980789723455573,-0.32465106887885353,-0.5286745406398666,0.38517040507197187,0.13917637545984146,-1.0974695594315302,45,1,0,0,0,0,0,0,0,0,0,0,0,1,0,0,0,0,0,0,0,0,0,0,0,0,0,0
179,1.2048113743248008,0.17243500726747632,-0.5422566948530807,0.15118844670009443,0.8678279042921551,-0.32465106887885353,-0.7018304402659324,0.46112762424492687,-0.16406876522031447,0.0892177659264122,86,1,0,0,0,0,0,0,0,0,0,0,0,0,0,0,0,0,0,0,1,0,0,0,0,0,0,0
180,0.5596864980526632,-0.49011435978291285,-0.13097050818834763,0.45386668381523204,0.13757683623875283,-0.32465106887885353,-0.4450968168104537,0.856105163944293,0.028905415212512036,-0.6659468956650056,44,1,0,0,0,1,0,0,0,0,0,0,0,0,0,0,0,0,0,0,0,0,0,0,0,0,0,0
181,5.532395472571388,3.9633669879125044,7.393147377266476,3.773124654875618,2.5474053608149805,4.778664967936186,-0.13735935163343574,4.532434571915316,4.908395406156839,0.5207404296929367,125,1,0,0,0,0,0,0,0,0,0,0,0,0,0,0,0,0,0,0,0,0,0,0,0,0,0,1
182,0.8930524628248682,-0.21718600953511372,1.6593340690581377,0.9095844790222932,1.8901793995669183,-0.32465106887885353,-0.5102445810262013,0.856105163944293,1.6829698189224536,-0.23442423189848116,54,1,0,0,0,0,0,0,0,0,0,0,0,0,0,0,0,0,0,1,0,0,0,0,0,0,0,0
183,1.1523371020921387,0.23073038304855964,1.7319139843519142,1.263275902168072,2.5474053608149805,-0.32465106887885353,-0.42623825348484257,1.6156773556738433,1.6002665987369564,-0.6659468956650056,100,1,0,0,0,0,0,0,0,0,0,0,0,0,0,0,0,0,1,0,0,0,0,0,0,0,0,0
184,0.18310642673591307,0.26833701532691584,0.25612237337846,0.9231879952971309,1.3424910985268665,2.423288335560014,-0.3448035482151582,0.688999281763792,0.3183666858617518,-0.6659468956650056,70,1,0,0,0,1,0,0,0,0,0,0,0,0,0,0,0,0,0,0,0,0,0,0,0,0,0,0
185,1.8252424754286265,0.7685357991268404,3.9093114431652074,0.7463422837242415,0.6122400304734643,-0.32465106887885353,0.032796322009010136,1.099168265297749,0.7456666568201533,-0.12654356595685004,80,1,0,0,0,0,0,0,0,0,1,0,0,0,0,0,0,0,0,0,0,0,0,0,0,0,0,0
186,-0.7676039172440791,-0.9612673706849201,-0.4454834744613788,-0.6752251669962926,-1.103849979452031,-0.32465106887885353,-0.4909574139886444,-1.0124424277104005,-0.6051526062096322,-0.8817082275482679,26,1,0,0,0,0,0,0,0,0,0,0,0,0,0,0,0,0,0,0,0,0,0,0,0,0,0,1
187,1.0288682262505813,0.3401870851270273,3.836731527871431,2.8378829109805297,1.9997170597749285,-0.32465106887885353,-0.38894973054556603,0.7649565009367469,2.261892360220933,0.736501761576199,71,1,0,0,0,0,0,0,0,0,0,0,0,0,0,0,0,0,0,0,0,0,0,0,0,1,0,0
188,-0.07309149063531857,-0.7780242139464799,-0.5422566948530807,0.23621042341782972,1.5615664189428873,-0.32465106887885353,-0.6726853878536244,0.35478751740278985,0.07025702530526058,-1.3132308913147923,40,1,0,0,0,1,0,0,0,0,0,0,0,0,0,0,0,0,0,0,0,0,0,0,0,0,0,0
189,3.572327068586664,2.154070123853812,0.6432152549452677,2.08628863679575,2.5474053608149805,-0.32465106887885353,-0.5471045002535321,2.5727383172530764,1.269453717994968,0.8443824275178301,106,1,0,0,1,0,0,0,0,0,0,0,0,0,0,0,0,0,0,0,0,0,0,0,0,0,0,0
190,3.436511305160951,1.973578671916227,-0.4938700846572298,1.8924385298793134,2.5474053608149805,-0.32465106887885353,-0.5111017884500927,1.7372089063505713,2.5513536308701728,0.736501761576199,138,1,0,1,0,0,0,0,0,0,0,0,0,0,0,0,0,0,0,0,0,0,0,0,0,0,0,0
191,1.7326408185474584,-0.030070083076951193,-0.5180633897551553,0.7497431627929508,1.780641739358908,-0.32465106887885353,-0.5441042742699121,2.0258463392078,0.6905311766964887,0.41285976375130556,66,1,0,0,0,1,0,0,0,0,0,0,0,0,0,0,0,0,0,0,0,0,0,0,0,0,0,0
192,0.4825184506516898,1.122282738525687,-0.17935711838419857,0.2872236094484709,0.21060194304409308,-0.32465106887885353,0.6739874750797885,1.099168265297749,0.028905415212512036,0.41285976375130556,88,1,0,0,0,0,0,0,0,0,0,0,0,0,0,0,0,0,0,1,0,0,0,0,0,0,0,0
193,0.2633611960329254,-0.5144720430201137,-0.4696767795593043,0.5558930558765144,0.7217776906814746,-0.32465106887885353,-0.45066866506574793,1.1751254844707042,-0.17785263525123066,-0.4501855637817434,49,1,0,0,0,1,0,0,0,0,0,0,0,0,0,0,0,0,0,0,0,0,0,0,0,0,0,0
194,1.7480744280276532,2.192084416102665,-0.5422566948530807,3.501054329378865,2.5474053608149805,-0.32465106887885353,-0.30451479929226166,1.4637629173279332,-0.2192042453439792,-0.5580662297233745,120,1,0,1,0,0,0,0,0,0,0,0,0,0,0,0,0,0,0,0,0,0,0,0,0,0,0,0
195,0.5473396104685074,-0.028235613209714305,-0.5422566948530807,-0.28072319502600085,-0.5561616784119793,-0.32465106887885353,-0.6238245646918137,0.2788302982298348,-0.19163650528214685,0.736501761576199,97,1,0,0,0,1,0,0,0,0,0,0,0,0,0,0,0,0,0,0,0,0,0,0,0,0,0,0
196,1.5350906172009668,1.7161414005473172,-0.13097050818834763,4.378481129105893,2.5474053608149805,-0.32465106887885353,-0.40609387902339433,3.1500131829675344,-0.06758167500390122,0.9522630934594613,108,1,0,1,0,0,0,0,0,0,0,0,0,0,0,0,0,0,0,0,0,0,0,0,0,0,0,0
197,-0.3539831831748617,-0.34233762047771915,-0.4454834744613788,-0.08007132997214556,0.9043404576948252,-0.32465106887885353,-0.5231026923845725,0.06615008454556075,-0.3432590756222248,-1.0974695594315302,53,1,0,0,0,1,0,0,0,0,0,0,0,0,0,0,0,0,0,0,0,0,0,0,0,0,0,0
198,0.39917695945863857,-0.3113554627199406,0.4738621192597893,0.9299897534345497,1.159928331513516,-0.32465106887885353,-0.16821881889352666,0.5674677310870639,0.4699892562018298,-0.12654356595685004,54,1,0,0,0,1,0,0,0,0,0,0,0,0,0,0,0,0,0,0,0,0,0,0,0,0,0,0
199,0.07507116037455032,-0.724722672803986,-0.5422566948530807,-0.42696099498050555,-0.15452359098260804,-0.32465106887885353,-0.7498340560038518,-0.08576435380034929,0.2632312057380871,-0.23442423189848116,64,1,0,0,0,1,0,0,0,0,0,0,0,0,0,0,0,0,0,0,0,0,0,0,0,0,0,0
200,-0.4897989466005749,-1.0939606910817217,-0.5422566948530807,-0.637815497240489,-0.41011146480129884,0.0679117031838418,-0.7061164773853895,-0.1009557976349403,-0.4948816459623028,-0.018662900015218923,16,1,0,0,0,1,0,0,0,0,0,0,0,0,0,0,0,0,0,0,0,0,0,0,0,0,0,0
201,1.6060852208098622,0.9560593855555001,-0.5422566948530807,0.21580514900557324,1.2694659917215263,-0.32465106887885353,-0.2046501344089118,1.327039922816614,0.2632312057380871,0.30497909780967447,125,1,0,0,0,0,0,0,0,0,0,0,0,0,0,0,0,0,0,0,0,0,0,0,0,0,1,0
202,-0.10704543149174686,-0.9154056240039979,-0.5422566948530807,-0.3827495670872832,-0.6291867852173195,-0.32465106887885353,-0.6902581400433984,-0.1617215729733043,0.042689285243428216,-0.8817082275482679,48,1,0,0,0,1,0,0,0,0,0,0,0,0,0,0,0,0,0,0,0,0,0,0,0,0,0,0
203,0.34978940912201556,-0.12485102621752371,-0.4938700846572298,-0.1786968229647185,0.5392149236681241,-0.32465106887885353,-0.6139666793170625,0.29402174206442583,0.22187959564533855,-0.8817082275482679,76,1,0,0,0,1,0,0,0,0,0,0,0,0,0,0,0,0,0,0,0,0,0,0,0,0,0,0
204,-0.1101321533877858,-0.5246635422825409,-0.5180633897551553,-0.38955132522470204,-0.22754869778794826,-0.32465106887885353,-0.6465405614249362,-0.3744017866575784,0.09782476536709293,-0.9895888934898991,64,1,0,0,0,1,0,0,0,0,0,0,0,0,0,0,0,0,0,0,0,0,0,0,0,0,0,0
205,-0.7429101420757676,-0.9084754045055474,-0.5422566948530807,-0.8792779111188573,-0.81174955223067,-0.32465106887885353,-0.34308913336737534,-0.7845707701915355,-0.6051526062096322,-1.3132308913147923,31,1,0,0,0,1,0,0,0,0,0,0,0,0,0,0,0,0,0,0,0,0,0,0,0,0,0,0
206,-0.4249777867837572,-0.9671784402571278,-0.4938700846572298,-0.15829154855246202,0.02803917603074251,-0.32465106887885353,-0.7438336040366118,-0.13133868530412232,0.13917637545984146,-0.7738275616066368,35,1,0,0,0,1,0,0,0,0,0,0,0,0,0,0,0,0,0,0,0,0,0,0,0,0,0,0
207,1.8067221440523928,0.32989367087197585,-0.4696767795593043,0.379047344303625,0.6122400304734643,-0.32465106887885353,-0.045209553565108626,0.5370848434178819,3.268114872477814,-0.23442423189848116,117,1,0,0,0,1,0,0,0,0,0,0,0,0,0,0,0,0,0,0,0,0,0,0,0,0,0,0
208,1.9332777417899893,0.021193158213057384,-0.5422566948530807,4.388683766312021,2.5474053608149805,-0.32465106887885353,-0.59125068258394,3.1955875144713075,-0.6189364762405484,0.0892177659264122,68,1,0,0,1,0,0,0,0,0,0,0,0,0,0,0,0,0,0,0,0,0,0,0,0,0,0,0
209,0.186193148631952,0.9173316883582769,-0.1551638132862731,1.1000337068700203,0.21060194304409308,-0.32465106887885353,1.2671750124126477,1.2662741474782502,-0.43974616583863807,0.5207404296929367,73,1,0,0,0,0,0,0,0,0,0,0,0,0,0,0,0,0,0,0,0,0,0,0,0,0,1,0
210,0.03185705383000523,0.07225256951781742,-0.4696767795593043,0.42665965126555677,0.5757274770707942,-0.32465106887885353,-0.4073796901592314,-0.1465301291387133,0.2494473357071709,-0.8817082275482679,79,1,0,1,0,0,0,0,0,0,0,0,0,0,0,0,0,0,0,0,0,0,0,0,0,0,0,0
211,0.186193148631952,-0.40430193599327624,-0.5422566948530807,-0.12428275786536791,-0.6656993386199895,-0.32465106887885353,-0.4978150733797757,0.36997896123738083,-0.7016396964260455,1.0601437594010923,68,1,0,0,1,0,0,0,0,0,0,0,0,0,0,0,0,0,0,0,0,0,0,0,0,0,0,0
212,1.331366972062397,0.2498904016619227,-0.4696767795593043,1.2190644742748498,1.7076166325535678,-0.32465106887885353,-0.6371112797621307,1.296657035147432,1.5037795085205432,-0.3423048978401123,75,1,0,0,1,0,0,0,0,0,0,0,0,0,0,0,0,0,0,0,0,0,0,0,0,0,0,0
213,-0.5546201064173925,-0.6390121640069736,0.8851483059245225,-0.6276128600343608,-0.7022118920226597,-0.32465106887885353,-0.028494008799226037,-0.5566991126726705,-0.205420375313063,-1.4211115572564235,42,1,0,0,0,1,0,0,0,0,0,0,0,0,0,0,0,0,0,0,0,0,0,0,0,0,0,0
214,0.18001970483987412,-0.6253555549953211,-0.5422566948530807,-0.1718950648272997,0.5757274770707942,-0.32465106887885353,-0.6885437251956156,0.2484474105606528,-0.06758167500390122,-0.5580662297233745,62,1,0,0,0,1,0,0,0,0,0,0,0,0,0,0,0,0,0,0,0,0,0,0,0,0,0,0
215,-0.020617218402656675,-0.6881351904518724,-0.10677720309042214,0.5048798698458732,1.2329534383188563,-0.32465106887885353,-0.5933937011436685,0.08134152838015175,0.5251247363254945,-1.3132308913147923,40,1,0,0,0,1,0,0,0,0,0,0,0,0,0,0,0,0,0,0,0,0,0,0,0,0,0,0
216,-0.5700537158975871,-0.9088830644760446,-0.5422566948530807,-0.6820269251337114,-0.3735989113986287,-0.32465106887885353,-0.7498340560038518,-0.5111247811688974,-0.43974616583863807,-1.0974695594315302,50,1,0,0,0,1,0,0,0,0,0,0,0,0,0,0,0,0,0,0,0,0,0,0,0,0,0,0
217,2.615443280814594,0.28617213903616334,-0.4696767795593043,0.8891792046100367,1.3059785451241965,-0.32465106887885353,-0.5809641934972429,1.8587404570272994,2.620272981024754,0.9522630934594613,78,1,0,0,0,1,0,0,0,0,0,0,0,0,0,0,0,0,0,0,0,0,0,0,0,0,0,0
218,-0.042224271674929224,-0.08072183441121414,0.0625759325950562,0.16479196297493207,-0.26406125119061835,-0.32465106887885353,1.3104639873191641,0.2636388543952438,0.09782476536709293,0.19709843186804332,55,1,0,0,0,0,0,0,0,0,0,1,0,0,0,0,0,0,0,0,0,0,0,0,0,0,0,0
219,0.6121607702853251,1.013029866432468,3.4012520361087724,-0.049463418353760856,-0.04498593077459771,-0.32465106887885353,0.004937080732539147,0.05095864071096975,0.7318827867892372,0.41285976375130556,107,1,0,0,0,0,0,0,0,0,0,0,0,0,0,0,0,0,0,1,0,0,0,0,0,0,0,0
220,-0.4651051714322634,-1.2202333669431942,-0.5180633897551553,-0.6480181344466173,-0.15452359098260804,-0.32465106887885353,-0.8025523125731737,-0.8909108770336726,0.0564731552743444,-1.5289922231980546,14,1,0,0,0,1,0,0,0,0,0,0,0,0,0,0,0,0,0,0,0,0,0,0,0,0,0,0
221,0.1584126515676016,-0.6574587776719667,-0.32451694897175143,0.9878046976026097,0.9408530110974953,-0.32465106887885353,-0.658541465359416,0.719382169432974,1.104047277623974,-1.0974695594315302,63,1,0,0,0,1,0,0,0,0,0,0,0,0,0,0,0,0,0,0,0,0,0,0,0,0,0,0
222,0.2602744741368864,-1.037805530145748,-0.5180633897551553,-0.13448539507149615,-0.6291867852173195,-0.32465106887885353,-0.7429763966127204,0.14210730371851577,-0.6189364762405484,0.19709843186804332,24,1,0,0,0,1,0,0,0,0,0,0,0,0,0,0,0,0,0,0,0,0,0,0,0,0,0,0
223,-0.3539831831748617,-0.9011375250365999,-0.5422566948530807,-0.3997539624308303,-0.5196491250093092,-0.32465106887885353,-0.6996874217062039,-0.5415076688380794,-0.6189364762405484,-0.3423048978401123,38,1,0,0,0,1,0,0,0,0,0,0,0,0,0,0,0,0,0,0,0,0,0,0,0,0,0,0
224,-0.38176368023921214,-1.1082287900491197,-0.4696767795593043,-0.46437066473630906,-0.48313657160663903,-0.32465106887885353,-0.8111243868120879,0.15729874755310677,-0.4948816459623028,-0.12654356595685004,25,1,0,0,0,1,0,0,0,0,0,0,0,0,0,0,0,0,0,0,0,0,0,0,0,0,0,0
225,-0.07617821253135751,-0.8449823641006263,-0.17935711838419857,0.06616646998235914,0.13757683623875283,-0.32465106887885353,-0.7241178332871093,-0.5111247811688974,0.20809572561442238,-0.8817082275482679,48,1,0,0,0,1,0,0,0,0,0,0,0,0,0,0,0,0,0,0,0,0,0,0,0,0,0,0
226,-0.05457115925908496,-0.7253341627597315,0.4012822039660129,0.2294086652804109,-0.3735989113986287,-0.32465106887885353,-0.3105152512595016,0.2028730790568798,-0.3019074655294763,-0.23442423189848116,36,1,0,0,0,1,0,0,0,0,0,0,0,0,0,0,0,0,0,0,0,0,0,0,0,0,0,0
227,0.30657530257747045,-0.27904841005804654,1.1996612721975537,1.5013374369777308,0.8313153508894849,-0.32465106887885353,-0.3105152512595016,0.780147944771338,0.015121545181595857,-0.12654356595685004,56,1,0,0,0,1,0,0,0,0,0,0,0,0,0,0,0,0,0,0,0,0,0,0,0,0,0,0
228,-0.4712786152243412,-0.4975541542444847,-0.300323643873826,-0.4337627531179244,-0.6656993386199895,-0.32465106887885353,-0.28094159513524775,-0.23767879214625934,-0.46731390590047045,-0.018662900015218923,39,1,0,0,0,1,0,0,0,0,0,0,0,0,0,0,0,0,0,0,0,0,0,0,0,0,0,0
229,-0.3971972897194068,-1.1018081455137905,-0.5180633897551553,-0.06986869276601733,-0.41011146480129884,-0.32465106887885353,-0.8179820462032192,0.005384309207196732,-0.6327203462714646,-0.6659468956650056,24,1,0,0,0,1,0,0,0,0,0,0,0,0,0,0,0,0,0,0,0,0,0,0,0,0,0,0
230,0.22632053328045815,-0.30799226796333967,0.6190219498473422,0.6715229442126344,0.8313153508894849,-0.32465106887885353,-0.24493888333180833,0.5674677310870639,0.028905415212512036,0.736501761576199,54,1,0,0,0,1,0,0,0,0,0,0,0,0,0,0,0,0,0,0,0,0,0,0,0,0,0,0
231,-0.36633007075901747,-0.7524435507977878,0.7399884753369695,0.06956734905106855,0.24711449644676317,-0.32465106887885353,-0.24493888333180833,-0.23767879214625934,-0.026230064911152682,-0.9895888934898991,38,1,0,0,0,1,0,0,0,0,0,0,0,0,0,0,0,0,0,0,0,0,0,0,0,0,0,0
232,-0.03605082788285135,-0.48002477551310996,2.3851332219959023,0.20560251179944503,-1.103849979452031,-0.32465106887885353,-0.2852276322547048,0.5370848434178819,0.23566346567625474,-0.018662900015218923,48,1,0,0,0,1,0,0,0,0,0,0,0,0,0,0,0,0,0,0,0,0,0,0,0,0,0,0
233,-0.27372841387784935,-0.7729284643152663,2.723839493366859,-0.11408012065923967,0.5757274770707942,-0.32465106887885353,-0.5908220788719942,0.02057575304178774,-0.10893328509664976,-0.8817082275482679,41,1,0,0,0,1,0,0,0,0,0,0,0,0,0,0,0,0,0,0,0,0,0,0,0,0,0,0
234,-0.34163629559070596,-0.558091659863302,2.723839493366859,0.028756800226555614,-0.11801103757993793,-0.32465106887885353,-0.2852276322547048,0.08134152838015175,0.3183666858617518,-1.2053502253731614,45,1,0,0,0,1,0,0,0,0,0,0,0,0,0,0,0,0,0,0,0,0,0,0,0,0,0,0
235,1.3684076348148644,-0.8127772264313565,-0.4454834744613788,1.055822278976798,1.2694659917215263,-0.32465106887885353,-0.8201250647629478,2.7094613117643953,-0.17785263525123066,0.19709843186804332,34,1,0,0,0,1,0,0,0,0,0,0,0,0,0,0,0,0,0,0,0,0,0,0,0,0,0,0
236,-0.6780889822589499,-0.7174867083276626,0.5948286447494168,-0.6854278042024208,-0.7387244454253298,-0.32465106887885353,-0.12107241057949886,-0.8149536578607175,-0.3708268156840572,-1.4211115572564235,37,1,0,0,0,1,0,0,0,0,0,0,0,0,0,0,0,0,0,0,0,0,0,0,0,0,0,0
